INSERT INTO NhaSanXuat VALUES
  ('1003202313144261', N'Apple'),
  ('1003202313144291', N'Samsung'),
  ('1003202313144321', N'Oppo'),
  ('1003202313144351', N'Sony'),
  ('1003202313144391', N'Asus'),
  ('1003202313144411', N'Lenovo'),
  ('1803202319715131', N'Xiaomi'),
  ('1803202319729381', N'HP'),
  ('1803202319729481', N'Acer'),
  ('1803202319729531', N'Dell'),
  ('1803202319729591', N'Msi'),
  ('1803202319730091', N'Microsoft'),
  ('1803202319730151', N'LG'),
  ('1803202321907511', N'Anker'),
  ('1803202321908001', N'Logitech'),
  ('1803202321908061', N'JBL');


INSERT INTO [MauSac] VALUES
('1003202313143261',    N'Xanh dương'),
('1003202313143331',    N'Đen'),
('1003202313143381',    N'Đỏ'),
('1003202313143451',    N'Xanh lá'),
('10032023221022461',   N'Xám'),
('10032023221022511',   N'Bạc'),
('10032023221026561',   N'Cam'),
('10032023221028561',   N'Trắng'),
('1803202319721051',    N'Tím'),
('1803202319721111',    N'Vàng'),
('1803202319737571',    N'Xanh đen');


INSERT INTO [LoaiSanPham] VALUES
('1003202313143591', N'Điện thoại'),
('1003202313144031', N'Laptop'),
('1003202313144071', N'Tablet'),
('1003202313144111', N'Smartwatch'),
('1003202313144141', N'Phụ kiện');



INSERT INTO SanPham VALUES 
('1003202313146161', N'iPhone 13 Pro Max 256GB', N'Cái', '1003202313144261', '1003202313143591', '1003202313143451', 'iphone13-pro-max-xanh-la.jpg', '28999000', '1', N'', '7', '10'),
('1003202322101612', N'iPhone 14 Pro Max 256GB', N'Cái', '1003202313144261', '1003202313143591', '1003202313143331', 'iphone-14-pro-max-den.jpg', '31990000', '2', N'', '9', '10'),
('1003202322101856', N'Laptop Apple MacBook Air M2 2022 8GB/256GB', N'Cái', '1003202313144261', '1003202313144031', '1003202313143261', 'apple-macbook-air-m2-2022-01.jpg', '27090000', '-1', N'', '1', '10'),
('1003202322102159', N'Laptop Asus Gaming ROG Flow Z13', N'Cái', '1003202313144391', '1003202313144031', '1003202313143331', 'asus-gaming-rog-flow-z13-gz301z-i7-ld110w-1-1.jpg', '49390000', '2', N'', '1', '9'),
('1003202322102759', N'Đồng hồ thông minh Apple Watch Ultra LTE 49mm dây Alpine size L', N'Cái', '1003202313144261', '1003202313144111', '10032023221026561', 'apple-watch-ultra-49mm-day-alpine-size-l-cam-1.jpg', '19990000', '2', N'', '1', '9'),
('1003202322102947', N'Tai nghe Bluetooth AirPods Pro (2nd Gen) MagSafe Charge', N'Cái', '1003202313144261', '1003202313144141', '10032023221028561', 'airpods-pro-2nd-generation-0.jpg', '6490000', '2', N'', '0', '10'),
('1105202321946481', N'Điện thoại OPPO Find N2 Flip 5G', N'Cái', '1003202313144321', '1003202313143591', '1803202319721051', 'oppo-n2-flip-tim-1-1.jpg', '19990000', '2', N'', '0', '9'),
('1105202321955451', N'Laptop Asus Gaming TUF Dash F15', N'Cái', '1003202313144391', '1003202313144031', '1003202313143331', 'asus-tuf-gaming-fx517zc-i5-hn077w-ab-1.jpg', '21990000', '1', N'', '1', '9'),
('1105202321957241', N'Máy tính bảng iPad mini 6 WiFi 256GB', N'Cái', '1003202313144261', '1003202313144071', '10032023221022461', 'ipad-mini-6-wifi-grey-1-1.jpg', '16490000', '1', N'', '0', '10'),
('1105202321959351', N'Đồng hồ thông minh Samsung Galaxy Watch4 40mm', N'Cái', '1003202313144291', '1003202313144111', '1003202313143331', 'smartwatch-samsung-galaxy-watch-4-1.jpg', '3990000', '1', N'', '0', '10'),
('1105202322100137', N'Chuột Không dây Bluetooth Silent Logitech Signature M650', N'Cái', '1803202321908001', '1003202313144141', '1003202313143331', 'chuot-khong-day-logitech-signature-m650-den-size-m-1.jpg', '640000', '1', N'', '0', '10'),
('1705202315305161', N'Test', N'Cái', '1003202313144261', '1003202313143591', '1003202313143381', 'Screenshot (1).png', '34567899', '2', N'', '0', '0'),
('1803202319711431', N'Samsung Galaxy S23 5G 256GB', N'Cái', '1003202313144291', '1003202313143591', '1003202313143331', 'samsung-galaxy-s23-den-1.jpg', '23990000', '2', N'', '0', '10'),
('1803202319713511', N'Samsung Galaxy S23 5G Ultra 1TB', N'Cái', '1003202313144291', '1003202313143591', '1003202313143331', 'samsung-galaxy-s23-ultra-den-1.jpg', '39990000', '2', N'', '1', '10'),
('1803202319716391', N'OPPO Reno8 T 5G 256GB', N'Cái', '1003202313144321', '1003202313143591', '1003202313143331', 'oppo-reno8-t-5g-den-1.jpg', '10990000', '2', N'', '0', '10'),
('1803202319718091', N'OPPO Reno8 Pro 5G', N'Cái', '1003202313144321', '1003202313143591', '1003202313143331', 'oppo-reno8-pro-black-1.jpg', '17990000', '2', N'', '0', '10'),
('1803202319722101', N'iPhone 14 Pro Max 1TB', N'Cái', '1003202313144261', '1003202313143591', '1803202319721051', 'iphone-14-pro-max-purple-1.jpg', '42490000', '2', N'', '0', '10'),
('1803202319724121', N'iPhone 13 Pro Max 1TB', N'Cái', '1003202313144261', '1003202313143591', '10032023221022461', 'iphone-13-pro-max-1-2.jpg', '31490000', '2', N'', '0', '10'),
('1803202319726031', N'Xiaomi 12T 5G 256GB', N'Cái', '1803202319715131', '1003202313143591', '10032023221022511', 'xiaomi-12t-bac-glr-1.jpg', '11990000', '2', N'', '1', '10'),
('1803202319727401', N'Xiaomi 13 Pro 5G', N'Cái', '1803202319715131', '1003202313143591', '10032023221028561', 'xiaomi-13-pro-trang-1.jpg', '25990000', '2', N'', '0', '10'),
('1803202319732331', N'MacBook Pro 14 inch M2 Pro 2023', N'Cái', '1003202313144261', '1003202313144031', '10032023221022461', 'macbook-pro-14-inch-m2-pro-gray-1.jpg', '51990000', '2', N'', '0', '10'),
('1803202319734401', N'MacBook Pro 16 M1 Pro 2021', N'Cái', '1003202313144261', '1003202313144031', '10032023221022511', 'apple-macbook-pro-16-m1-pro-2021-10-core-cpu-1.jpg', '53990000', '2', N'', '0', '10'),
('1803202319736291', N'MacBook Pro 14 M1 Pro 2021', N'Cái', '1003202313144261', '1003202313144031', '10032023221022511', 'macbook-pro-14-m1-pro-2021-bac-1.jpg', '49990000', '2', N'', '0', '10'),
('1803202319739001', N'MacBook Air M2 2022', N'Cái', '1003202313144261', '1003202313144031', '1803202319737571', 'apple-macbook-air-m2-2022-16gb-1.jpg', '39990000', '2', N'', '0', '10'),
('1803202319742591', N'Laptop Asus TUF Gaming F15', N'Cái', '1003202313144391', '1003202313144031', '10032023221022461', 'asus-tuf-gaming-fx507z-i7-hn123w-1-1.jpg', '41990000', '2', N'', '0', '10'),
('1803202319745011', N'Laptop Asus Gaming TUF Dash F15', N'Cái', '1003202313144391', '1003202313144031', '1003202313143331', 'asus-tuf-gaming-fx517z-i7-hn086w-1.jpg', '42990000', '2', N'', '0', '10'),
('1803202319746291', N'Laptop Asus Gaming ROG Strix G15', N'Cái', '1003202313144391', '1003202313144031', '10032023221022461', 'asus-rog-strix-gaming-g513rm-r7-hq055w-1.jpg', '47990000', '2', N'', '0', '10'),
('1803202319748031', N'Laptop Asus Gaming ROG Zephyrus G14', N'Cái', '1003202313144391', '1003202313144031', '10032023221022461', 'asus-gaming-rog-zephyrus-g14-ga402rj-r7-l8030w-glr-fix-1.jpg', '53000000', '2', N'', '0', '10'),
('1803202319750231', N'Laptop Asus Gaming ROG Strix SCAR 15', N'Cái', '1003202313144391', '1003202313144031', '1003202313143331', 'asus-rog-strix-scar-15-g533z-i7-ln2210w-1.jpg', '53990000', '2', N'', '0', '10'),
('1803202319751401', N'Laptop Asus Gaming ROG Strix SCAR 16', N'Cái', '1003202313144391', '1003202313144031', '1003202313143331', 'asus-gaming-rog-strix-scar-16-g634j-i9-n4029w-1.jpg', '94000000', '2', N'', '0', '10'),
('1803202319752291', N'Laptop Asus Gaming ROG Strix SCAR 18', N'Cái', '1003202313144391', '1003202313144031', '1003202313143331', 'asus-gaming-rog-strix-scar-18-g834jy-i9-n6039w-1.jpg', '124000000', '2', N'', '0', '10'),
('1803202319753441', N'Laptop Asus Gaming ROG Strix G17', N'Cái', '1003202313144391', '1003202313144031', '10032023221022461', 'asus-gaming-rog-strix-g17-g713r-r9-ll178w-glr-1.jpg', '62990000', '2', N'', '0', '10'),
('1803202319756111', N'Laptop HP Elitebook X360', N'Cái', '1803202319729381', '1003202313144031', '10032023221022511', 'hp-elitebook-x360-1040-g9-i7-6z982pa-glr-1.jpg', '47090000', '2', N'', '0', '10'),
('1803202319757091', N'Laptop HP Envy 16 h0207TX i7', N'Cái', '1803202319729381', '1003202313144031', '10032023221022511', 'hp-envy-16-h0207tx-i7-7c0t4pa-glr-1.jpg', '48090000', '2', N'', '0', '10'),
('1803202319758181', N'Laptop HP Elitebook Dragonfly G3', N'Cái', '1803202319729381', '1003202313144031', '1003202313143261', 'hp-elitebook-dragonfly-g3-i7-6z980pa-glr-1.jpg', '49590000', '2', N'', '0', '10'),
('1803202319759311', N'Laptop HP Envy 16 h0205TX i9', N'Cái', '1803202319729381', '1003202313144031', '10032023221022511', 'hp-envy-16-h0205tx-i9-7c0t2pa-glr-1.jpg', '61590000', '2', N'', '0', '10'),
('1803202320800291', N'Laptop HP Omen 16 n0085AX R9', N'Cái', '1803202319729381', '1003202313144031', '1003202313143331', 'hp-omen-16-n0085ax-r9-7c144pa-glr-1.jpg', '57890000', '2', N'', '0', '10'),
('1803202320805011', N'Laptop Lenovo ThinkPad X1 Carbon Gen 10', N'Cái', '1003202313144411', '1003202313144031', '1003202313143331', 'lenovo-thinkpad-x1-carbon-gen-10-i7-21cb00a8vn-1-1.jpg', '44490000', '2', N'', '0', '10'),
('1803202320810241', N'Laptop Lenovo Yoga Duet 7 13ITL6 i7', N'Cái', '1003202313144411', '1003202313144031', '1803202319721051', 'lenovo-yoga-duet-7-13itl6-i7-82ma009pvn-1.jpg', '32490000', '2', N'', '0', '10'),
('1803202320812031', N'Laptop Acer Predator Helios PH16 71 94N1', N'Cái', '1803202319729481', '1003202313144031', '1003202313143331', 'acer-predator-helios-ph16-71-94n1-i9-nhqjssv002-1.jpg', '127790000', '2', N'', '1', '10'),
('1803202320813081', N'Laptop Acer Predator Helios PH18 71', N'Cái', '1803202319729481', '1003202313144031', '1003202313143331', 'acer-predator-helios-ph18-71-94sj-i9-nhqkrsv002-1.jpg', '129990000', '2', N'', '0', '10'),
('1803202320814091', N'Laptop Acer Nitro 5 Tiger AN515', N'Cái', '1803202319729481', '1003202313144031', '1003202313143331', 'acer-nitro-5-tiger-an515-58-773y-i7-nhqfksv001-glr-1.jpg', '27990000', '2', N'', '0', '10'),
('1803202320815241', N'Laptop Dell XPS 17 9710 i7', N'Cái', '1803202319729531', '1003202313144031', '10032023221022511', 'dell-inspiron-15-5515-r7-n5r75700u104w1-1.jpg', '67990000', '2', N'', '0', '10'),
('1803202320816111', N'Laptop Dell Gaming Alienware m15 R6', N'Cái', '1803202319729531', '1003202313144031', '1003202313143331', 'dell-inspiron-15-5515-r7-n5r75700u104w1-1.jpg', '53590000', '2', N'', '0', '10'),
('1803202320817031', N'Laptop Dell XPS 13 9310', N'Cái', '1803202319729531', '1003202313144031', '10032023221022511', 'dell-xps-13-9310-i5-70273578-1.jpg', '35690000', '2', N'', '0', '10'),
('1803202320818421', N'Laptop MSI Gaming Stealth 15M A11UEK', N'Cái', '1803202319729591', '1003202313144031', '10032023221022511', 'msi-gaming-stealth-15m-a11uek-i7-254vn-1-1.jpg', '35590000', '2', N'', '0', '11'),
('1803202320819331', N'Laptop MSI Creator Z16P B12UGST', N'Cái', '1803202319729591', '1003202313144031', '10032023221022461', 'msi-creator-z16p-b12ugst-i7-050vn-a-01.jpg', '56990000', '2', N'', '0', '1'),
('1803202320820461', N'Laptop MSI Gaming GE66 Raider', N'Cái', '1803202319729591', '1003202313144031', '10032023221022461', 'msi-gaming-ge66-raider-11uh-i7-259vn-1-1-org.jpg', '55690000', '2', N'', '0', '1'),
('1803202320821351', N'Laptop MSI Gaming Vector GP66', N'Cái', '1803202319729591', '1003202313144031', '1003202313143331', 'msi-gaming-vector-gp66-12ugs-i7-432vn-1.jpg', '49290000', '2', N'', '0', '1'),
('1803202320822331', N'Laptop MSI Gaming GS66 Stealth 11UG', N'Cái', '1803202319729591', '1003202313144031', '1003202313143331', 'msi-gaming-gs66-stealth-11ug-i7-219vn-1-1-org.jpg', '48790000', '2', N'', '0', '1'),
('1803202320823401', N'Laptop MSI Creator Z16 A12UET', N'Cái', '1803202319729591', '1003202313144031', '10032023221022461', 'msi-creator-z16-a12uet-i7-036vn-1.jpg', '44690000', '2', N'', '0', '1'),
('1803202320825141', N'Laptop MSI Gaming GE66 Raider 11UG', N'Cái', '1803202319729591', '1003202313144031', '1003202313143331', 'msi-gaming-ge66-raider-11ug-i7-258vn-1-1-org.jpg', '43990000', '2', N'', '0', '1'),
('1803202320827181', N'Laptop Surface Pro 7 Plus i5', N'Cái', '1803202319730091', '1003202313144031', '10032023221022511', 'surface-pro-7-plus-i5-28b00001-bac-1.jpg', '23890000', '2', N'', '0', '1'),
('1803202320828231', N'Laptop LG gram 2022 i7', N'Cái', '1803202319730151', '1003202313144031', '1003202313143331', 'lg-gram-2022-i7-17z90qgah78a5-ab-fix-1.jpg', '45890000', '2', N'', '0', '1'),
('1803202320834291', N'Máy tính bảng iPad Pro M1 11 inch WiFi 2TB (2021)', N'Cái', '1003202313144261', '1003202313144071', '10032023221022461', 'ipad-pro-m1-11-inch-wifi-org-1.jpg', '44990000', '2', N'', '0', '1'),
('1803202320835521', N'Máy tính bảng iPad Pro M1 12.9 inch WiFi Cellular 2TB (2021)', N'Cái', '1003202313144261', '1003202313144071', '10032023221022511', 'ipad-pro-m1-129-inch-wifi-cellular-128gb-2021-1.jpg', '58990000', '2', N'', '1', '1'),
('1803202320836521', N'Máy tính bảng iPad Pro M1 11 inch WiFi Cellular 2TB (2021)', N'Cái', '1003202313144261', '1003202313144071', '10032023221022461', 'ipad-pro-m1-11-inch-wifi-cellular-1.jpg', '50990000', '2', N'', '0', '1'),
('1803202320838531', N'Máy tính bảng Samsung Galaxy Tab S8 Ultra 5G', N'Cái', '1003202313144291', '1003202313144071', '10032023221022461', 'samsung-galaxy-tab-s8-ultra-1-1.jpg', '30990000', '2', N'', '0', '1'),
('1803202320839381', N'Máy tính bảng Samsung Galaxy Tab S7 FE WiFi', N'Cái', '1003202313144291', '1003202313144071', '1003202313143451', 'samsung-galaxy-tab-s7-fe-wifi-1-3.jpg', '11990000', '2', N'', '0', '1'),
('1803202320840561', N'Máy tính bảng Lenovo Yoga Tab 11', N'Cái', '1003202313144411', '1003202313144071', '1003202313143451', 'lenovo-yoga-tab-11-1-2.jpg', '8890000', '2', N'', '0', '1'),
('1803202320841561', N'Máy tính bảng Xiaomi Redmi Pad', N'Cái', '1803202319715131', '1003202313144071', '1003202313143451', 'xiaomi-redmi-pad-green-5.jpg', '6190000', '2', N'', '0', '1'),
('1803202320842441', N'Máy tính bảng OPPO Pad Air', N'Cái', '1003202313144321', '1003202313144071', '10032023221022461', 'oppo-pad-air-1.jpg', '6690000', '2', N'', '0', '1'),
('1803202320845001', N'Đồng hồ thông minh Apple Watch S8 LTE 45mm viền thép', N'Cái', '1003202313144261', '1003202313144111', '10032023221028561', 'apple-watch-s8-lte-45mm-vien-thep-trang-1.jpg', '21990000', '2', N'', '0', '0'),
('1803202320846191', N'Đồng hồ thông minh Apple Watch Ultra LTE 49mm dây Alpine', N'Cái', '1003202313144261', '1003202313144111', '1003202313143451', 'apple-watch-ultra-49mm-day-alpine-size-m-xanh-la-1.jpg', '19990000', '2', N'', '1', '1'),
('1803202320847101', N'Đồng hồ thông minh Apple Watch SE 2022 LTE', N'Cái', '1003202313144261', '1003202313144111', '10032023221028561', 'apple-watch-se-2022-lte-44mm-trang-1.jpg', '8790000', '2', N'', '0', '1'),
('1803202320848191', N'Đồng hồ thông minh Apple Watch Series 7 LTE', N'Cái', '1003202313144261', '1003202313144111', '1003202313143261', 'apple-watch-s7-lte-41mm-vien-thep-xanh-1.jpg', '20990000', '2', N'', '0', '1'),
('1803202320849161', N'Đồng hồ thông minh Apple Watch S8', N'Cái', '1003202313144261', '1003202313144111', '1003202313143381', 'apple-watch-s8-41mm-do-1.jpg', '11990000', '2', N'', '0', '1'),
('1803202320850391', N'Đồng hồ thông minh Samsung Galaxy Watch5 Pro LTE', N'Cái', '1003202313144291', '1003202313144111', '1003202313143331', 'sam-sung-galaxy-watch-5-pro-lte-1.jpg', '10990000', '2', N'', '0', '1'),
('1803202320851391', N'Đồng hồ thông minh Samsung Galaxy Watch5 Pro 45mm', N'Cái', '1003202313144291', '1003202313144111', '10032023221022461', 'sam-sung-galaxy-watch-5-pro-xam-1.jpg', '9990000', '2', N'', '0', '1'),
('1803202320852331', N'Đồng hồ thông minh Samsung Galaxy Watch5 LTE 44mm', N'Cái', '1003202313144291', '1003202313144111', '1003202313143331', 'samsung-galaxy-watch-5-44-mm-lte-1.jpg', '7490000', '2', N'', '0', '1'),
('1803202320855411', N'Bao da bàn phím Magic Keyboard iPad Pro 5 12.9 inch Apple', N'Cái', '1003202313144261', '1003202313144141', '1003202313143331', 'magic-keyboard-ipad-pro-129-inch-gen-5-apple-1-1.jpg', '9990000', '2', N'', '0', '0'),
('1803202320856281', N'Tai nghe Bluetooth AirPods Pro MagSafe Charge Apple MLWK3', N'Cái', '1003202313144261', '1003202313144141', '10032023221028561', 'bluetooth-airpods-pro-magsafe-charge-apple-mlwk3-0-1.jpg', '4790000', '2', N'', '0', '1'),
('1803202320857131', N'Tai nghe Bluetooth AirPods 3 Wireless Charge Apple MME73', N'Cái', '1003202313144261', '1003202313144141', '10032023221028561', 'airpods-3-hop-sac-khong-day-0.jpg', '4690000', '2', N'', '0', '1'),
('1803202320857581', N'Bút cảm ứng Apple Pencil 2 MU8F2', N'Cái', '1003202313144261', '1003202313144141', '10032023221028561', 'but-cam-ung-apple-pencil-2-apple-mu8f2-1-org.jpg', '3500000', '2', N'', '0', '1'),
('1803202320858471', N'Bàn phím Apple Magic Keyboard với phím số MQ052 Bạc', N'Cái', '1003202313144261', '1003202313144141', '10032023221022511', 'magic-keyboard-voi-phim-so-1.jpg', '3890000', '2', N'', '0', '111'),
('1803202321900431', N'Bộ loa thanh Samsung HW-Q990B 656W', N'Cái', '1003202313144291', '1003202313144141', '1003202313143331', 'boloasamsung.png', '24990000', '2', N'', '0', '11'),
('1803202321901451', N'Tai nghe Bluetooth True Wireless Samsung Galaxy Buds 2 Pro R510N', N'Cái', '1003202313144291', '1003202313144141', '10032023221028561', 'tai-nghe-bluetooth-true-wireless-galaxy-buds2-pro-1.jpg', '3490000', '2', N'', '0', '1'),
('1803202321902291', N'Loa thanh Samsung HW-S61B 200W', N'Cái', '1003202313144291', '1003202313144141', '10032023221028561', 'loa-thanh-samsung-hw-s61b-0.jpg', '6540000', '2', N'', '0', '0'),
('1803202321903551', N'Tai nghe Bluetooth True Wireless Sony WF-1000XM4', N'Cái', '1003202313144351', '1003202313144141', '1003202313143331', 'vi-vn-bluetooth-true-wireless-sony-wf-1000xm4-thumbvideo.jpg', '4890000', '2', N'', '0', '11'),
('1803202321906401', N'Loa Bluetooth Sony SRS-XE200', N'Cái', '1003202313144351', '1003202313144141', '1003202313143331', 'loa-bluetooth-sony-srs-xe200-den-1-1.jpg', '260000', '2', N'', '0', '1'),
('1803202321909401', N'Tai Nghe Bluetooth True Wireless Anker SoundCore Liberty 2 Pro A3909', N'Cái', '1803202321907511', '1003202313144141', '1003202313143331', 'tai-nghe-true-wireless-anker-liberty-2-pro-a3909-2-org.jpg', '2000000', '2', N'', '0', '1'),
('1803202321910291', N'Pin sạc dự phòng Polymer 5000mAh Không dây Magnetic Type C Anker MagGo A1611', N'Cái', '1803202321907511', '1003202313144141', '10032023221028561', 'sac-du-phong-polymer-5000mah-magnetic-type-c-anker-maggo-a1611-trang-1.jpg', '1400000', '2', N'', '0', '1'),
('1803202321911061', N'Pin sạc dự phòng Polymer 20000mAh Type C PD 20W PowerCore Essential Anker A1287', N'Cái', '1803202321907511', '1003202313144141', '1003202313143331', 'pin-polymer-20000mah-type-c-pd-20w-anker-a1287-2.jpg', '1600000', '2', N'', '0', '1'),
('1803202321912341', N'Chuột Không dây Bluetooth Logitech MX Anywhere 3', N'Cái', '1803202321908001', '1003202313144141', '1003202313143331', 'chuot-khong-day-logitech-mx-anywhere-3-den-den-1.jpg', '2155000', '2', N'', '0', '0'),
('1803202321913311', N'Bàn Phím Không Dây Bluetooth Logitech K580', N'Cái', '1803202321908001', '1003202313144141', '10032023221028561', 'khong-day-logitech-k580-trang-1-org.jpg', '1495000', '2', N'', '1', '1'),
('1803202321914151', N'Tai nghe Chụp Tai Gaming Logitech G431 7.1', N'Cái', '1803202321908001', '1003202313144141', '1003202313143261', 'tai-nghe-chup-tai-gaming-logitech-g431-71-den-xanh-1-org.jpg', '1435000', '2', N'', '0', '1'),
('1803202321915301', N'Loa Bluetooth JBL FLIP4', N'Cái', '1803202321908061', '1003202313144141', '1003202313143261', 'loa-bluetooth-jbl-flip4blu-xanh-duong-1-org.jpg', '2690000', '2', N'', '0', '1'),
('1803202321916201', N'Loa Bluetooth JBL Go 3', N'Cái', '1803202321908061', '1003202313144141', '1003202313143261', 'bluetooth-jbl-go-3-xanh-den-2-1.jpg', '1020000', '2', N'', '0', '1'),
('180320232191708', N'Loa Bluetooth JBL Go Essential', N'Cái', '1803202321908061', '1003202313144141', '1003202313143331', 'loa-bluetooth-jbl-go-essential-1-1.jpg', '765000', '2', N'', '0', '1');